<?xml version="1.0" encoding="UTF-8"?>

<beans xmlns="http://www.springframework.org/schema/beans" 
xmlns:xsi="http://www.w3.org/2001/XMLSchema-instance" 
xmlns:mvc="http://www.springframework.org/schema/mvc" 
xmlns:context="http://www.springframework.org/schema/context" 
xsi:schemaLocation="http://www.springframework.org/schema/beans http://www.springframework.org/schema/beans/spring-beans.xsd http://www.springframework.org/schema/context http://www.springframework.org/schema/context/spring-context.xsd http://www.springframework.org/schema/mvc http://www.springframework.org/schema/mvc/spring-mvc.xsd">

<mvc:annotation-driven> </mvc:annotation-driven>

<context:component-scan base-package="com.cts.*"/>


<bean id="prodDao" class="com.cts.dao.ProductDao">

<property name="dataSource" ref="ds"/>

</bean>


<bean id="ds" class="org.apache.commons.dbcp.BasicDataSource">

<property name="driverClassName" value="com.mysql.cj.jdbc.Driver"/>

<!-- value="com.mysql.jdbc.Driver" /> -->


<property name="url" value="jdbc:mysql://localhost:3306/project"/>

<property name="username" value="root"/>

<property name="password" value="root"/>

<property name="initialSize" value="2"/>

<property name="maxActive" value="5"/>

</bean>

</beans>